g-men => G-man
g-strings => G-string
gaddafi => Gaddafi
gaels => Gael
gaer => Ga
galatians => galatian
galicians => Galician
galileans => Galilean
galloways => Galloway
gambians => Gambian
gares => Gare
gareth => Gareth
garfunkels => Garfunkel
gascons => Gascon
gaskells => Gaskell
gastarbeiters => Gastarbeiter
gauguins => Gauguin
gauleiters => Gauleiter
gaullists => Gaullist
gaussians => Gaussian
gbytes => Gbyte
gces => GCE
gdps => GDP
genoas => Genoa
gents => gent
georgians => Georgian
geos => geo
gethsemanes => Gethsemane
ghanaians => Ghanaian
ghats => ghat
ghibellines => Ghibelline
gianni => Gianni
gibbons => gibbon
gideons => Gideon
giding => Gide
gifs => GIF
gigli => Gigli
gilbeys => Gilbey
gillied => Gilly
gillies => Gilly
gillying => Gilly
gilmours => Gilmour
giorgios => Giorgio
gis => gi
gissing => giss
glaswegians => Glaswegian
gleichschaltung => Gleichschaltung
gleneagles => gleneagle
gnps => GNP
goans => Goan
gobelins => Gobelin
goebbels => Goebbel
goering => goer
goffs => Goff
golding => gold
golgi => Golgi
goncourts => Goncourt
gophers => Gopher
gorgonzolas => Gorgonzola
goring => gore
gorings => Goring
goulding => gould
grammys => Grammy
grampians => Grampian
gramsci => Gramsci
grappelli => Grappelli
grecians => Grecian
greeks => Greek
greers => Greer
gregorians => Gregorian
greystones => Greystone
gricing => Grice
grimes => grime
groves => grove
guatemalans => Guatemalan
guernseys => Guernsey
gui => GUI
guineans => Guinean
gujarats => Gujarat
gurkhas => Gurkha
gwynnes => Gwynne
gyles => Gyle