obes => OBE
obs => ob
Occidentalized => occidentalize
Occidentalizes => occidentalize
Occidentalizing => occidentalize
octans => octan
octobrists => Octobrist
oddfellows => Oddfellow
oemed => OEM
oeming => OEM
ogilvys => Ogilvy
ols => Ol
onions => onion
opped => OP
oratorians => Oratorian
orcs => orc
orfs => ORF
oriels => Oriel
ormerods => Ormerod
osborne => Osborne
ossetes => Ossete
ostrogoths => Ostrogoth
outgrossed => outgross
outgrossing => outgross
outshopped => outshop
over-reported => over-report
oxleys => Oxley
oxonians => Oxonian