pabxs => PABX
pagets => Paget
pahlavi => Pahlavi
palestinians => Palestinian
pallas => Palla
pamirs => pamir
panamanians => Panamanian
panamas => Panama
pandies => Pandy
panini => Panini
pankhursts => Pankhurst
papes => Pape
papuans => Papuan
paraguayans => Paraguayan
paralympics => Paralympic
parmas => Parma
parmesans => Parmesan
paros => paro
parsees => Parsee
parsons => parson
parthians => Parthian
pascals => PASCAL
pathans => Pathan
patricios => Patricio
patti => PATTI
paxmans => Paxman
pcbs => PCB
pcs => PC
pdas => PDA
peelites => Peelite
pelling => Pelling
pellings => Pelling
peloponnesians => Peloponnesian
penances => penance
pentas => Penta
pentlands => Pentland
pericles => pericle
perks => perk
peronists => Peronist
pes => PE
pesci => Pesci
petrarchs => Petrarch
petras => Petra
pets => pet
pettigrews => Pettigrew
pharisees => pharisee
phds => phd
philadelphians => Philadelphian
philipps => Philipp
philos => Philo
phoenicians => Phoenician
pics => pic
pilchers => Pilcher
pinters => Pinter
pips => pip
pisceans => Piscean
plantagenets => Plantagenet
platonists => Platonist
plinys => Pliny
plummers => Plummer
pms => PM
poing => PO
poitiers => Poitier
polaroids => polaroid
politburos => politburo
pomaks => Pomak
pomeranians => Pomeranian
pompeii => Pompeii
pooing => POO
poos => POO
popes => pope
populisms => Populism
populists => Populist
porsches => porsch
portes => Porte
pos => PO
posi => Posi
pots => pot
potters => potter
poussins => Poussin
pp => p
prayerbooks => prayerbook
predicators => predicator
premonstratensians => Premonstratensian
principes => Principe
pritchetts => PRITCHETT
procters => Procter
profs => Prof
profumos => Profumo
provisionals => provisional
provos => provo
prs => PR
prussians => Prussian
pryors => Pryor
pss => PS
psychogeriatricians => psychogeriatrician
ptas => pta
ptolemaics => Ptolemaic
ptolemies => Ptolemy
ptos => PTO
pts => PT
pullmans => Pullman
punjabis => Punjabi
purplest => purple
pyreneans => Pyrenean
pyrenees => Pyrenees
pythagoreans => Pythagorean
pythians => Pythian