b-trees => B-tree
baathists => Baathist
babars => Babar
babs => bab
babylonians => Babylonian
bacchanals => bacchanal
bahamians => Bahamian
bainbridges => Bainbridge
baines => baine
bairds => Baird
bakewells => Bakewell
balearics => Balearic
bali => Bali
Balkanized => Balkanize
Balkanizes => Balkanize
Balkanizing => Balkanize
ballards => Ballard
bals => BAL
bancas => Banca
bandung => Bandung
bangladeshi => Bangladeshi
banksides => Bankside
baps => BAP
barbadians => Barbadian
barmen => barman
barros => Barro
bartling => Bartle
basques => Basque
batailles => Bataille
batchelors => Batchelor
batemen => Bateman
batesons => BATESON
bavarians => Bavarian
bayer => baye
bayes => baye
bayles => Bayle
beales => Beale
beanos => Beano
beauchamps => Beauchamp
beaverbrooks => Beaverbrook
becquerels => Becquerel
bedouins => Bedouin
beefeaters => beefeater
beelzebubs => Beelzebub
beethoven => Beethoven
behringer => Behring
belgae => Belgae
bellini => Bellini
bellis => belli
belly-ached => bellyache
belly-aching => bellyache
bellyaches' => bellyache
bels => BEL
beltanes => Beltane
benedictines => Benedictine
benettons => BENETTON
berbers => Berber
berenices => Berenice
bergenias => bergenia
berks => berk
berliners => Berliner
berlusconi => Berlusconi
bermans => Berman
bermudas => Bermuda
bermudians => Bermudian
bernest => Berne
bernhards => Bernhard
bernsteins => Bernstein
berri => Berri
bevins => Bevin
bi => BI
bianchi => Bianchi
biancos => Bianco
biggs => bigg
billingtons => Billington
bios => bio
birchers => Bircher
birks => Birk
biros => biro
bishops => bishop
black marketeers => black marketeer
black markets => black market
blackmen => Blackman
blackstones => Blackstone
blaneys => Blaney
blything => Blyth
boas => boa
boddys => Boddy
boers => Boer
bolivians => bolivian
bolshevists => Bolshevist
bonhams => Bonham
bonnards => Bonnard
booksellers => bookseller
booleans => Boolean
bootling => Bootle
bordelaises => bordelaise
borgias => Borgia
bos => bo
bosanquets => Bosanquet
bosnians => Bosnian
botticelli => Botticelli
boulting => Boult
boultings => Boulting
bourbons => Bourbon
bowaters => Bowater
bowers => bower
bowring => bowr
braddocks => Braddock
brandos => Brando
brandreth => BRANDRETH
braques => Braque
brassicas => Brassica
brazilians => Brazilian
brazils => Brazil
brens => Bren
brents => Brent
bretons => Breton
breughels => Breughel
bristows => Bristow
britishers => Britisher
brits => brit
brodies => Brody
brooking => brook
brookings => Brooking
bros => bro
browning => brown
brownings => Browning
brownlows => Brownlow
browns => brown
brownshirts => Brownshirt
brring => BR
brussels => Brussels
bryozoa => Bryozoa
buddhists => Buddhist
buffons => Buffon
bulgars => Bulgar
bullers => Buller
bulmers => Bulmer
bunns => Bunn
bunters => Bunter
burberrys => Burberry
burdoned => BURDON
burges => Burge
burgos => burgo
burgundians => Burgundian
burgundies => Burgundy
burridges => Burridge
burrows => burrow
burundians => Burundian
butlins => Butlin
byelorussians => Byelorussian
byers => byer
byngs => Byng
byrnes => Byrne
byzantines => Byzantine