h-bombs => H-bomb
haas => HAA
hades => hade
hagans => Hagan
hailes => Haile
hakims => Hakim
halling => Halling
hamers => Hamer
hamleys => Hamley
hand-picking => hand-pick
hand-picks => hand-pick
handwashed => handwash
hannovers => Hannover
hanns => Hann
hanoverians => Hanoverian
haplochromines => haplochromine
hardcastles => Hardcastle
hari => Hari
harpers => Harper
harrovians => Harrovian
hashemiter => Hashemite
hashemites => Hashemite
hasids => Hasid
hathaways => Hathaway
hausas => Hausa
havanas => Havana
havering => haver
haverings => Havering
havers => haver
hawking => hawk
hawkings => Hawking
haymans => Hayman
hazells => Hazell
headteachers => headteacher
hebraists => Hebraist
hedgerows => hedgerow
hegelians => Hegelian
heinkels => Heinkel
heinrichs => Heinrich
helios => Helio
hellenes => Hellene
hellenists => Hellenist
hellenized => Hellenize
hellenizing => Hellenize
hellyer => helly
helms => helm
hendricks => Hendrick
hercules => Hercule
hereros => Herero
herodians => Herodian
hics => HIC
higgs => higg
highers => higher
hillier => hilly
hillyards => Hillyard
hindes => Hinde
hinds => hind
hintons => Hinton
hips => hip
hitlerites => Hitlerite
hittites => Hittite
hmos => HMO
hobbesians => Hobbesian
hobsons => Hobson
hocking => hock
hofmanns => Hofmann
hoggs => Hogg
hollands => Holland
holloways => Holloway
holms => Holm
homos => HOMO
hondurans => Honduran
hons => HON
horrocks => horrock
hottentots => Hottentot
howgills => Howgill
hoyles => Hoyle
hqs => HQ
hter => HT
hubei => Hubei
hudsoned => Hudson
hudsoning => Hudson
huguenots => Huguenot
humphries => Humphry
hungarians => Hungarian
hurs => Hur
hussites => Hussite
hutchings => hutching
hutchins => hutchin
hutts => Hutt
hydros => hydro
hyperventilates => hyperventilate
hypnos => hypno