e-boats => E-boat
eames => eame
earls => earl
easters => Easter
eastons => Easton
ecgs => ECG
ecms => ECM
ecoles => Ecole
ecuadoreans => Ecuadorean
ecuadorians => Ecuadorian
eegs => EEG
eepromming => EEPROM
eeproms => EEPROM
eggars => Eggar
egyptologists => Egyptologist
eias => EIA
elamites => Elamite
elfed => ELF
elizabethans => Elizabethan
elspeth => Elspeth
emirates => emirate
ems => EM
ens => en
eos => EO
ephesians => ephesian
epiphanies => Epiphany
eproms => EPROM
eqs => EQ
ercps => ERCP
escs => ESC
esks => Esk
esperantists => Esperantist
esps => ESP
estonians => Estonian
etas => ETA
ethernets => Ethernet
etruscans => Etruscan
eucharists => Eucharist
eumenides => Eumenides
eurasians => Eurasian
eurocheques => Eurocheque
eurocrats => Eurocrat
eurodollars => Eurodollar
euromarkets => Euromarket
europas => Europa
Europeanizes => Europeanize
Europeanizing => Europeanize
evenkis => Evenki
eves => eve
ewarts => Ewart
eyres => eyre