l-plates => L-plate
lacedaemonians => Lacedaemonian
ladies => lady
lakatos => lakato
lakelands => Lakeland
lallies => Lally
lamarckians => Lamarckian
lancastrians => Lancastrian
lancing => lance
landes => lande
laotians => Laotian
laski => Laski
latinisms => Latinism
latinists => Latinist
latinos => Latino
latins => Latin
latvians => Latvian
laundromats => laundromat
lautrecs => Lautrec
lavals => Laval
lawfords => Lawford
lawlers => Lawler
laxtons => Laxton
lazards => Lazard
lcds => LCD
ldls => LDL
learing => Lear
leeming => leem
lefebvres => Lefebvre
leninists => Leninist
leos => Leo
lessing => LESSING
letter bombs => letter bomb
levites => Levite
leys => ley
liberians => Liberian
librans => Libran
libyans => Libyan
lightbulbs => lightbulb
lightfooted => Lightfoot
ligurians => Ligurian
lilliputians => Lilliputian
lilos => lilo
limoges => Limoge
lip-reading => lip-read
littlewoods => Littlewood
liverpudlians => Liverpudlian
liveseys => Livesey
loas => Loa
lockyer => locky
loewi => Loewi
logos => logo
lollards => Lollard
londoners => Londoner
longfellows => Longfellow
lordships => lordship
lorelei => Lorelei
lorimers => Lorimer
lotharios => Lothario
loughlins => Loughlin
low-lifers => low-lifer
lubbers => lubber
luddites => Luddite
luges => luge
lukas => Luka
lutherans => Lutheran
lydians => Lydian
lyons => Lyon
lys => ly