a-bombs => A-bomb
aams => AAM
abcs => ABC
aberdonians => Aberdonian
aboriginals => aboriginal
abos => ABO
abrams => abram
abyssinians => Abyssinian
acadians => Acadian
aces => ace
achaeans => Achaean
achaemenids => Achaemenid
achilles => Achille
ackers => Acker
ackroyds => Ackroyd
acls => ACL
acs => AC
actioned => action
actioning => action
adrs => ADR
ads => ad
adventists => Adventist
aeas => AEA
aecs => AEC
afps => AFP
africanders => Africander
africanists => Africanist
afrikaners => Afrikaner
afro-americans => Afro-American
afros => afro
afs => AF
afts => aft
agms => agm
agni => Agni
aids => aid
aims => aim
ainu => Ainu
airedales => Airedale
ais => AI
aked => AK
aker => AK
akkadians => Akkadian
aks => AK
albanians => albanian
albigensians => Albigensian
aldines => Aldine
alesi => Alesi
aleuts => Aleut
alexei => Alexei
ali => ALI
allinsons => Allinson
almoravids => Almoravid
alps => Alps
alsatians => Alsatian
alzheimers => Alzheimer
amalfi => Amalfi
amalgamated => amalgamate
amas => AMA
amazonas => amazona
americanisms => Americanism
americanized => Americanized
Americanizing => Americanize
americans => American
amerindians => Amerindian
amos => amo
amps => amp
ams => AM
ananias => anania
anatolians => Anatolian
andalusians => Andalusian
andorrans => Andorran
andras => Andra
andreotti => Andreotti
andries => andry
angelenos => Angeleno
angeli => Angeli
angevins => Angevin
anglicans => Anglican
anglicising => Anglicise
anglo-americans => Anglo-American
anglo-catholics => Anglo-Catholic
anglo-nubians => Anglo-Nubian
anglo-saxons => Anglo-Saxon
anglophiles => Anglophile
anglophobes => Anglophobe
angolans => Angolan
angoras => Angora
anhui => Anhui
anointed => Anointed
ansells => Ansell
ansi => ANSI
anti-semites => anti-Semite
antiguans => Antiguan
antilles => Antille
anwars => Anwar
aos => AO
api => API
aprs => APR
aps => AP
arabians => Arabian
arabists => Arabist
arans => Aran
ararats => Ararat
arbuthnots => Arbuthnot
archers => ARCHERS
archimedes => archimede
arcseconds => arcsecond
ares => are
argentinians => Argentinian
argives => Argive
arias => aria
aristophanes => aristophane
aristos => aristo
arkwrights => Arkwright
armagnacs => Armagnac
arminians => Arminian
ars => AR
asciis => ASCII
ashanti => Ashanti
asics => ASIC
asms => ASM
aspreys => Asprey
assyrians => Assyrian
astartes => Astarte
astors => Astor
atalantas => Atalanta
athenians => Athenian
atlanticists => Atlanticist
atps => ATP
atts => ATT
augustans => Augustan
augustinians => Augustinian
aung => Aung
aus => AU
aussies => Aussie
axminsters => Axminster
ayers => ayer
aymaras => Aymara
ayres => ayre
azerbaijanis => Azerbaijani