ibcs => Ibc
iberians => Iberian
icelanders => Icelander
icelandics => Icelandic
icelands => Iceland
icus => ICU
iglesias => Iglesia
illyrians => Illyrian
ilyas => Ilya
immed => IM
ims => IM
indonesians => Indonesian
inghams => Ingham
injuns => Injun
insps => Insp
internationales => Internationale
internationals => international
ionians => Ionian
ious => IOU
ips => IP
iranians => Iranian
iraqis => Iraqi
ircs => IRC
irians => Irian
irishwomen => Irishwoman
isdns => ISDN
islamists => Islamist
Islamized => Islamize
Islamizes => Islamize
Islamizing => Islamize
isoldes => Isolde
isos => ISO
issed => ISS
isvs => ISV
iuds => IUD
ixoras => Ixora