dadaists => Dadaist
daeing => DAE
daleks => Dalek
daleys => DALEY
dali => Dali
dalmatians => dalmatian
dammes => Damme
danbys => Danby
danegelds => Danegeld
danes => Dane
darcies => Darcy
dardanelles => Dardanelle
darwinians => Darwinian
darwinists => Darwinist
davies => davy
davos => davo
dawkins => dawkin
day-dreamed => daydream
daydreams' => daydream
dcs => DC
debs => deb
decembrists => Decembrist
deep freezes => deep freeze
deep-sixed => deep-six
deep-sixes => deep-six
deep-sixing => deep-six
defs => DEF
delos => Delo
demi => Demi
demoing => Demo
dems => DEM
derwentwaters => Derwentwater
dewi => Dewi
dhas => DHA
diasporas => Diaspora
didier => didy
diggorys => Diggory
dimblebys => Dimbleby
dimitri => Dimitri
dinkins => dinkin
diogenes => diogene
dis => DI
dives => dive
djed => DJ
djing => DJ
dmitri => Dmitri
dms => DM
dnas => DNA
dns => dn
docklands => dockland
dominiques => Dominique
donatists => Donatist
dorning => Dorn
douros => Douro
dovered => Dover
dowding => Dowd
dowdings => Dowding
dowling => dowl
downing => down
drummonds => Drummond
dscs => DSC
dti => DTI
dunning => dun
duns => dun
durans => Duran
dworkins => Dworkin
dysons => Dyson