t-bars => T-bar
t-groups => T-group
t-junctions => T-junction
t-shirts => T-shirt
tacs => TAC
tahitians => Tahitian
tampicos => Tampico
tanguts => Tangut
tanzanians => Tanzanian
taoists => Taoist
tarims => Tarim
tarring => tar
tarsiers => tarsier
tasmanians => Tasmanian
tastebuds => tastebud
taureans => Taurean
tds => td
tecs => tec
teds => ted
teletypes => teletype
tennants => Tennant
tessas => Tessa
texels => Texel
thai => Thai
thales => thale
thames => Thame
thatcherites => Thatcherite
thebans => Theban
theobalds => Theobald
thermopylae => Thermopylae
thomas => thoma
thomists => Thomist
thorps => Thorp
thracians => Thracian
thursdays => Thursday
ti => TI
tobias => Tobia
tolkiens => Tolkien
tooting => toot
toscanini => Toscanini
townes => towne
townswomen => townswoman
tractarians => Tractarian
tramways => tramway
transformers => transformer
transjordanians => Transjordanian
trappists => Trappist
travers => traver
tridents => Trident
trinidadians => Trinidadian
triomphes => Triomphe
trips => trip
tristars => TriStar
tritons => Triton
trojans => Trojan
trotskyists => Trotskyist
trotskyites => trotskyite
troyes => troye
trumpers => Trumper
tryons => Tryon
tuer => TU
tuesdays => Tuesday
tunisians => Tunisian
tupamaros => Tupamaro
turing => ture
twi => Twi
twins => twin
tynes => Tyne
tyred => Tyr
tyrians => Tyrian
tyring => Tyr
tyroleans => Tyrolean