rackhams => Rackham
radleys => Radley
rads => RAD
rai => RAI
raiments => raiment
rajputs => Rajput
ras => RA
rasboras => Rasbora
rasputins => Rasputin
rastafari => Rastafari
rastafarians => Rastafarian
rastas => rasta
rathbones => Rathbone
ratnering => Ratner
ravi => Ravi
rbi => RBI
rccs => RCC
reaganites => Reaganite
recced => REC
rechabites => Rechabite
reconsecrated => reconsecrate
recs => REC
red-eyes => red-eye
reddings => Redding
rededicated => rededicate
rededicating => rededicate
reeboks => Reebok
reeves => reeve
regents => regent
rehomed => rehome
rehomes => rehome
rehoming => rehome
reichsmarks => Reichsmark
reims => reim
remmed => REM
rems => REM
rennes => renne
renshaws => Renshaw
republicans => republican
res => re
resuspending => resuspend
retitled => retitle
reuters => Reuter
rewrapped => rewrap
rewraps => rewrap
reynards => Reynard
rhines => Rhine
rhumbas => rhumba
ri => RI
rias => RIA
ricci => Ricci
rickards => Rickard
rieslings => Riesling
riggs => Rigg
rimini => Rimini
rims => rim
ritters => Ritter
rivoli => Rivoli
rnas => RNA
roches => Roch
rockers => rocker
rockets => rocket
roddicks => Roddick
rodens => Roden
rojas => Roja
romanians => Romanian
romanies => Romany
romanists => Romanist
ronnies => Ronny
rookes => Rooke
rosicrucians => Rosicrucian
rossetti => Rossetti
rossi => Rossi
rothkos => Rothko
rothwells => Rothwell
roumanians => Roumanian
rourkes => Rourke
rowdies => rowdy
rowntrees => Rowntree
rpms => RPM
rubens => ruben
rudis => Rudi
rumanians => Rumanian
rumbolds => Rumbold
ruritanians => Ruritanian
ruthvens => Ruthven
rymans => Ryman