jabirs => Jabir
jackmans => Jackman
jacobeans => Jacobean
jacobi => Jacobi
jacobites => Jacobite
jacqui => Jacqui
jacuzzi => Jacuzzi
jansenists => Jansenist
japs => Jap
jaques => jaque
jaspers => jasper
javas => Java
jefferies => Jeffery
jekylls => Jekyll
jenkinsons => JENKINSON
jenner => jen
jenners => Jenner
jens => jen
jes => je
jesuits => jesuit
jeunes => JEUNE
jobsons => Jobson
joni => Joni
joshi => Joshi
jps => JP
judas => juda
junkers => junker