kampucheans => Kampuchean
kaplans => Kaplan
kats => KAT
kawasaki => Kawasaki
kbs => KB
keeling => keel
keenans => Keenan
kelvins => Kelvin
kenyans => kenyan
kenyons => Kenyon
keycards => keycard
keynesians => Keynesian
ki => KI
kiddies => kiddy
kiefers => Kiefer
kips => kip
kirkwoods => Kirkwood
kiswahili => Kiswahili
kleinworts => Kleinwort
klingons => Klingon
knotts => Knott
koons => koon
kops => Kop
korans => Koran
kos => KO
kraus => krau
kring => Kr
krishnas => Krishna