cabernets => Cabernet
cadillacs => Cadillac
cae => CAE
caer => Ca
caesareans => Caesarean
caesars => Caesar
cai => CAI
cairenes => Cairene
cairngorms => cairngorm
cairns => cairn
calibans => Caliban
calliopes => Calliope
calvers => Calver
calvinists => Calvinist
calvos => Calvo
camos => camo
canaanites => Canaanite
canadians => Canadian
canadiens => Canadien
canucks => Canuck
canutes => Canute
capels => Capel
capitols => Capitol
caplans => Caplan
capriati => Capriati
caravaggios => Caravaggio
carlists => Carlist
carmelites => Carmelite
carnarvons => Carnarvon
carns => Carn
carolingians => Carolingian
carpathians => Carpathian
carreras => Carrera
carrs => Carr
cartesians => Cartesian
carthaginians => Carthaginian
carthusians => Carthusian
casanovas => Casanova
cassells => Cassell
cassels => Cassel
cassidys => Cassidy
castalians => Castalian
castilians => Castilian
catalans => Catalan
cathars => Cathar
catholics => catholic
caucasians => Caucasian
cbes => CBE
ccs => CC
cd-roms => CD-ROM
ced => CE
cels => cel
ceres => cere
cessnas => Cessna
cgas => CGA
chadians => Chadian
chads => Chad
chaldeans => Chaldean
chaldees => Chaldee
chalkers => CHALKER
chamberpots => chamberpot
chambers => chamber
channing => chan
channings => Channing
charlestoned => Charleston
charlies => charly
chaucerians => Chaucerian
chequers => chequer
chetniks => Chetnik
chinooks => Chinook
chivers => chiver
cholmondeleys => Cholmondeley
christadelphians => Christadelphian
christi => Christi
christianized => Christianize
christies => Christy
Christmases => Christmas
christologies => Christology
chryslers => Chrysler
chukchis => Chukchi
cigs => cig
cis => CI
cistercians => Cistercian
citicorps => Citicorp
clarksons => Clarkson
clees => Clee
clementines => Clementine
clements => clement
clifts => Clift
clubheads => clubhead
cmos => cmo
colognes => Cologne
colorados => Colorado
colossians => colossian
coloureds => coloured
columbians => Columbian
combes => Combe
cominterns => Comintern
comming => COM
confucians => Confucian
congregationalists => Congregationalist
connons => Connon
cons => conn
conservatives => Conservative
contredanses => contredanse
coombs => coomb
coopers => cooper
copernicans => Copernican
coplands => Copland
cordelias => Cordelia
cordilleras => cordillera
corinthians => Corinthian
cormacks => Cormack
corots => Corot
corries => Corry
corsicans => Corsican
cortes => corte
cossacks => Cossack
costaining => Costain
cotopaxi => Cotopaxi
counterattacks' => counterattack
counterweighted => counterweight
counterweighting => counterweight
cousteaus => Cousteau
cowans => Cowan
cozens => cozen
cpas => CPA
cpes => CPE
cpus => CPU
craggs => Cragg
crash-dives' => crash-dive
creators => Creator
cremer => creme
crichtons => Crichton
croatians => Croatian
crofters => crofter
crofts => croft
crohns => Crohn
crookes => crooke
crosfields => Crosfield
crowes => Crowe
crustacea => Crustacea
cses => CSE
cts => CT
cubans => Cuban
culleys => Culley
cumming => cum
cummings => Cumming
cummins => cummin
currans => Curran
cypriots => Cypriot
cys => cy
czeched => Czech
czechoslovakians => Czechoslovakian
czechoslovaks => Czechoslovak