fairbairns => Fairbairn
fas => FA
faulds => fauld
federated => Federated
feethams => Feetham
fenians => Fenian
ferrari => Ferrari
ferrers => ferrer
fets => FET
fettes => fette
ffs => FF
fhsas => FHSA
fi => FI
fijians => Fijian
filipinos => Filipino
florentines => Florentine
floridians => Floridian
fmi => FMI
fodies => fody
foest => FO
fontaines => Fontaine
forresters => Forrester
fos => FO
foulkes => Foulke
fowles => Fowle
franciscans => Franciscan
franconians => Franconian
frankes => Franke
franks => frank
frascati => Frascati
frazers => Frazer
freemasons => freemason
Frenches => French
frenchies => Frenchy
Frenchified => Frenchify
Frenchifies => Frenchify
Frenchifying => Frenchify
frenchwomen => Frenchwoman
freres => Frere
freudians => Freudian
fridays => Friday
frisbees => frisbee
frisches => Frisch
frisians => Frisian
friuli => Friuli
fuchs => fuch
fuhrers => Fuhrer
fulfords => Fulford
fusiliers => Fusilier