sabahs => Sabah
sabatini => Sabatini
sabbaths => Sabbath
sadducees => Sadducee
sahelians => Sahelian
saks => Sak
salamancas => Salamanca
salesians => Salesian
salieri => Salieri
salopians => Salopian
samnites => Samnite
samos => samo
sandinistas => Sandinista
sangers => Sanger
sankeys => Sankey
santorini => Santorini
saratogas => Saratoga
sarmatians => Sarmatian
sas => SA
sassenachs => Sassenach
saturdays => Saturday
saturnalias => Saturnalia
saudis => saudi
sauvignons => Sauvignon
saxons => Saxon
sayes => Saye
scandinavians => Scandinavian
scarlatti => Scarlatti
schaffers => Schaffer
schneider => schneid
scholls => Scholl
scots => scot
scotsmen => scotsman
scottish => Scottish
scutari => Scutari
scythians => Scythian
seddons => Seddon
seleucids => Seleucid
selfridges => Selfridge
seljuks => Seljuk
sellers => seller
sellotaped => sellotape
sellotaping => sellotape
senors => Senor
serbs => Serb
sergei => Sergei
serps => serp
shahs => shah
shaikhs => Shaikh
shanti => Shanti
shantung => Shantung
shavians => Shavian
shepherds => shepherd
shers => Sher
shiels => Shiel
shitloads => shitload
short-changes => short-change
short-changing => short-change
siamesed => Siamese
silesians => Silesian
simes => SIME
sinfoniettas => Sinfonietta
singaporeans => singaporean
singhing => Singh
sissons => Sisson
sitkas => Sitka
sker => SK
ski jumps => ski jump
ski'd => ski
slavophiles => Slavophile
sligos => Sligo
slovakians => Slovakian
slovaks => Slovak
slovenians => Slovenian
smedleys => Smedley
smithers => smither
snas => SNA
socs => SOC
soissons => Soisson
sols => Sol
somalians => Somalian
sommes => Somme
sothos => Sotho
southdowns => Southdown
sovietologists => Sovietologist
soviets => Soviet
spamming => spam
spears => spear
speights => Speight
spekes => Speke
speyed => Spey
spicers => Spicer
spooners => Spooner
spratts => Spratt
sps => SP
square dances => square dance
squidgier => Squidgy
srams => SRAM
stakhanovites => Stakhanovite
stalinists => Stalinist
staples => staple
states => state
stavangers => Stavanger
stds => STD
steffi => Steffi
stiched => Stich
stiches => Stich
stms => STM
stoddards => Stoddard
stonehenges => Stonehenge
stopes => stope
strachs => Strach
strats => Strat
strip mines => strip mine
strip-searched => strip-search
strip-searches => strip-search
strip-searching => strip-search
stukas => Stuka
sturmers => Sturmer
subvented => subvent
sulawesi => Sulawesi
sumerians => Sumerian
summers => summer
sundays => Sunday
sunnis => Sunni
sunnites => Sunnite
surfers => surfer
swabians => Swabian
swales => swale
swed => SW
swedenborgians => Swedenborgian
symes => Syme
synges => Synge
synoptics => synoptic
syrians => Syrian
sys => sy
szeged => Szeged