maas => maa
mabs => MAB
machine guns => machine gun
machs => Mach
maddocks => Maddock
madeiras => Madeira
madeleines => Madeleine
madonnas => Madonna
magians => Magian
magyars => Magyar
mahdis => Mahdi
mairs => Mair
maisters => Maister
majorcans => Majorcan
makin => Makin
malachi => Malachi
malawians => Malawian
mali => Mali
malians => Malian
malinowski => Malinowski
malling => mall
mallinger => Malling
malos => Malo
malpighi => Malpighi
malteser => Maltese
malthusians => Malthusian
manchurians => Manchurian
manchus => Manchu
mancunians => Mancunian
manichees => Manichee
manillas => Manilla
mantlepieces => mantlepiece
manxmen => Manxman
maoisms => Maoism
maoists => Maoist
maoris => Maori
marcuses => Marcuse
marinetti => Marinetti
marini => Marini
marnier => marny
marples => Marple
marques => marque
marranos => Marrano
mars => mar
marshalls => Marshall
martens => marten
martineaus => Martineau
martins => Martin
marxisms => Marxism
marxist-leninists => Marxist-Leninist
marxists => Marxist
maslins => Maslin
mathews => Mathew
matras => Matra
maui => Maui
maules => Maule
mayas => Maya
mayhews => Mayhew
mbes => MBE
mbest => MB
mbytes => Mbyte
mcs => MC
mds => MD
meadows => meadow
meads => mead
meaux => Meaux
mechs => mech
med => MEd
medes => Mede
medlars => medlar
megs => Meg
mehmed => Mehmed
melanesians => Melanesian
mellies => Melly
melos => melo
mendelians => Mendelian
mennonites => Mennonite
mensheviks => Menshevik
meps => MEP
mercs => Merc
merlins => Merlin
merovingians => Merovingian
merricks => Merrick
meshed => Meshed
mesopotamians => Mesopotamian
messerschmitts => Messerschmitt
messrs => Messrs
methodists => methodist
methuselahs => Methuselah
mexicans => Mexican
mfi => MFI
mgs => MG
microkernels => Microkernel
mics => MIC
midas => mida
midlands => midland
migs => Mig
milligans => Milligan
mineworkers => mineworker
mini-budgets => mini-budget
minkowski => Minkowski
minoans => Minoan
minogues => MINOGUE
minorites => Minorite
minos => mino
minotaurs => Minotaur
mired => mire
mithras => mithra
miti => MITI
moabites => Moabite
moldavians => Moldavian
moldovans => Moldovan
moluccans => Moluccan
mondays => Monday
mongoloids => Mongoloid
monophysites => Monophysite
montagnards => Montagnard
montanas => Montana
montenegrins => Montenegrin
montoneros => Montonero
moorfields => Moorfield
morans => Moran
moravians => Moravian
mordred => Mordred
more replete => replete
mori => MORI
moriartys => Moriarty
moriscos => Morisco
moroccos => Morocco
moroni => Moroni
mos => mo
moscovici => Moscovici
mosfets => MOSFET
mosleyites => Mosleyite
most replete => replete
motleys => motley
motlier => motley
motliest => motley
mots => MOT
motts => Mott
mouli => Mouli
mournes => Mourne
moys => Moy
mozambicans => Mozambican
mpas => MPA
mps => MP
mscs => MSc
muggletonians => Muggletonian
muirs => Muir
muldoons => Muldoon
mus => mu
muslims => Muslim
mussulmen => Mussulman
mycenae => Mycenae
mycenaeans => Mycenaean
mysticetes => mysticete